node1,node2,distance,distance_unit
0,29,1.0508099419599366,km
0,24,0.19066179747226225,km
0,28,0.2398885597722435,km
0,26,0.7543866203239856,km
0,5,1.8856592972771475,km
1,35,0.5969988076332681,km
1,13,1.3271369773583115,km
1,286,1.2770877247072296,km
1,29,1.8705610720630448,km
1,5,1.1560248753852413,km
2,243,1.0672686404974197,km
2,6,0.5141227847655178,km
2,3,0.5217302942331735,km
2,17,0.1649113508170402,km
2,30,0.1530095368863771,km
3,6,0.023116197146311874,km
3,21,0.16777953904450524,km
3,5,0.9551866703815444,km
3,30,0.6403500405323104,km
4,11,1.1374248687917372,km
4,24,0.8332220376367423,km
4,34,0.35531696224981113,km
4,12,0.8161614882214169,km
4,20,0.13258491958751242,km
4,22,0.14470968545903842,km
5,26,1.5794737581222629,km
5,29,1.9848875239130241,km
5,35,0.8558935877113979,km
5,27,0.4162974485909752,km
5,21,1.078043940273756,km
5,17,0.5148679933965679,km
5,30,0.500064517955036,km
6,243,1.1014077520278,km
6,21,0.17989739831190227,km
6,10,0.5224103296305527,km
7,16,0.24371163656785375,km
7,56,0.7030440714612215,km
7,25,0.9384498170773692,km
7,10,1.0375338420788376,km
7,131,0.5838110236592229,km
7,134,0.6318123691318471,km
8,56,1.3243059610006753,km
8,59,1.9364924498189708,km
8,34,1.2533703586034106,km
8,16,0.9016112259729737,km
8,26,0.2674558046904614,km
8,28,0.47151896348826056,km
9,143,1.7650197595685486,km
9,361,1.354151988492392,km
9,339,1.693904352710115,km
9,50,1.3127817232840386,km
9,91,1.552213633583325,km
9,81,1.5487500797744527,km
9,20,2.5844243661239936,km
9,152,2.2935578423136147,km
10,243,1.0190093412702121,km
10,21,0.4506918563871648,km
10,25,0.3167995566925725,km
10,261,0.9803938861446464,km
10,240,1.2082977876971297,km
10,134,1.0295085231352965,km
10,132,1.2217457535681369,km
11,24,1.012792557612695,km
11,12,0.7981180061718036,km
11,324,2.963540247983946,km
11,29,0.03003761637195933,km
12,155,1.9707310064294612,km
12,324,3.115430516123445,km
12,20,0.9260933139678206,km
12,152,2.1555230731090744,km
12,169,2.149796941924681,km
13,289,3.5763630206553385,km
13,331,1.7239984811728384,km
13,35,1.3509389673680647,km
13,245,3.795837972700462,km
13,14,4.203630652038132,km
13,286,1.0813106898642584,km
14,301,1.9409826649979849,km
14,289,1.4355929707948316,km
14,31,0.7764947405572165,km
14,18,0.7040824032835526,km
14,15,0.8465459401300819,km
14,23,1.8541167893935582,km
15,306,5.238596697944022,km
15,31,0.07915846327500939,km
15,36,0.6860138444073991,km
15,23,1.4589544226475393,km
15,33,0.7002313316998618,km
16,56,0.6338733994311067,km
16,26,0.898023750866866,km
16,25,1.058714965725845,km
17,27,0.581595884823461,km
17,243,1.1773089023070913,km
17,30,0.03826363160184694,km
18,31,0.0823239563141741,km
19,298,0.7155627892431515,km
19,326,0.6603353707469284,km
19,300,0.767035148223619,km
19,325,1.1132913602241916,km
19,292,0.634327886957321,km
19,32,0.11042737898966164,km
20,22,0.0271767765947906,km
20,81,1.732469526113023,km
20,152,2.463016378702884,km
21,25,0.21369819682222563,km
21,26,1.1936379724826514,km
22,34,0.33088453001084456,km
22,81,1.7222097772727076,km
23,301,1.5349636577545007,km
23,292,0.7887703844427029,km
23,33,0.9622469558272879,km
23,326,0.7856774230405813,km
23,32,0.2590517897398016,km
24,34,0.5735894845173576,km
24,29,1.0162438934238012,km
24,28,0.34406962838216143,km
25,26,1.1860449189960964,km
26,28,0.6107315300044162,km
27,35,0.5630645503281994,km
27,245,2.405522541665802,km
27,271,1.7548127463224261,km
27,243,1.6659179636585348,km
28,34,0.8219941061068861,km
29,286,2.564988557530267,km
29,324,2.9583617458496545,km
32,326,0.6474645155044528,km
32,292,0.6939847328268275,km
33,36,0.01744301222045676,km
33,326,1.2174470851761519,km
34,59,2.538895011430394,km
34,81,1.8208681465638297,km
35,245,2.8643427581196765,km
36,326,1.2341340048058338,km
36,306,4.73266754709876,km
37,91,1.5189020325762663,km
37,64,1.0421500209477046,km
37,81,1.4958696637494595,km
37,59,1.8580378757262372,km
37,120,0.6169934684659285,km
37,43,0.5198878000228706,km
38,115,0.5759428128987734,km
38,129,0.07954579635121106,km
38,113,0.48610713995148636,km
38,46,0.7501690150428498,km
38,83,0.8246780132080501,km
39,134,0.48748047597500865,km
39,131,0.5571277442102647,km
39,83,0.4936930308269939,km
39,92,0.18726703176835569,km
39,123,0.21802579099688538,km
39,142,0.03216057239398585,km
40,119,1.0148399040876657,km
40,42,1.6203743656002392,km
40,79,0.8128480034040989,km
40,107,1.18177848484522,km
40,95,1.2129651784676865,km
40,86,1.031195343249677,km
40,133,0.7061382736172397,km
40,60,0.7654611812433599,km
40,41,1.1554555525224446,km
40,122,0.7937015450168654,km
41,42,1.1832859670782883,km
41,138,1.0000873108675192,km
41,84,0.11460766629157086,km
41,107,0.2155767474748663,km
42,118,1.3714894170688092,km
42,117,0.18461889101996032,km
42,119,1.7521584171503701,km
42,138,0.7716921799512446,km
43,59,1.7692311798280216,km
43,120,0.2933696983833628,km
43,55,0.9102831930335353,km
43,45,2.1711054346324734,km
43,100,2.224193710792785,km
44,105,0.8924032726163891,km
44,125,0.1269956884546637,km
44,61,0.6109309389054989,km
44,104,1.0122857921266766,km
44,48,1.1568888732118845,km
45,129,0.9896575876900557,km
45,59,1.2115603275809173,km
45,113,0.5869993396216617,km
45,89,0.15507227156808168,km
45,141,0.2801359408710227,km
45,102,0.44103775713641713,km
45,100,0.5863413322129234,km
46,113,0.5917796167572424,km
46,136,0.086734564818053,km
46,106,0.14091450792797483,km
46,83,0.23287158610334258,km
47,90,0.3303900439773067,km
47,78,0.2522638802099878,km
47,119,1.0604708744483093,km
47,64,0.8997082221286181,km
47,85,0.9287970222205764,km
48,95,1.471948812257837,km
48,104,0.5555317834559232,km
48,139,0.14371255909164324,km
48,61,1.001335062730722,km
49,110,2.409734547321726,km
49,85,0.5280901595352535,km
49,78,0.740107902359503,km
49,116,0.16045766840743622,km
49,182,3.7372697789075335,km
50,91,1.2629026323420793,km
50,110,0.11768811554351145,km
50,339,1.1985718959796496,km
51,66,0.925896720505566,km
51,58,0.6846983422252769,km
51,80,0.4656079167612778,km
51,101,0.44774755327856386,km
51,97,0.10356247097021758,km
52,125,0.8748402388780525,km
52,104,0.2684578545010147,km
52,108,0.21760986353961168,km
52,77,0.2685608700182021,km
53,242,1.2612497976481005,km
53,101,1.2604152366078536,km
53,121,1.2684127353349355,km
53,58,1.197358529631012,km
53,103,1.5504394496972573,km
53,246,1.4144943705603232,km
53,76,1.5672637196207553,km
53,99,0.08980403883791219,km
53,97,1.2746530879591433,km
54,107,0.7271310073175824,km
54,96,1.5897043923502554,km
54,95,0.018792466098426774,km
54,124,1.8787448655418788,km
55,120,0.779121483590661,km
55,64,0.8573698809445132,km
55,79,0.9273979832654518,km
55,100,2.0923050353651553,km
55,65,0.6310169003346966,km
56,59,0.897670867204661,km
56,115,0.15126356407653824,km
56,131,0.6591668828161042,km
56,137,0.1257350004031517,km
57,130,1.5820554070789097,km
57,70,2.548096201424001,km
57,67,1.5079029907952086,km
57,96,0.05280749328734029,km
57,124,2.437897612549181,km
58,121,0.2674443817152481,km
58,66,1.4748170526193098,km
58,97,0.5938243501644446,km
59,115,0.7613474902408565,km
59,81,2.3848811060733697,km
59,129,0.4469297908420843,km
60,100,1.9793054919918731,km
60,133,0.5756433687941489,km
60,79,0.11234546110930282,km
60,122,0.07974104885121852,km
61,273,3.498674208158928,km
61,126,1.2480748630580374,km
61,105,1.0981185186877398,km
61,139,1.0492496063460683,km
62,69,1.1145766755150455,km
62,88,0.12001775908203868,km
62,68,1.037860756699335,km
62,76,0.38905824365053293,km
63,135,1.8316107763228324,km
63,73,2.483457021265106,km
63,71,2.086927563424752,km
63,117,0.8540038722693862,km
63,67,1.8296902941161144,km
63,138,0.22294287301326457,km
64,91,1.6761318048522929,km
64,85,1.2137957169451212,km
64,120,0.5896221279156176,km
64,119,1.1858395148142453,km
64,65,1.1624167691475975,km
65,119,0.1463293138844154,km
65,79,0.6151768249876068,km
66,121,1.7007087732768411,km
66,109,1.1171667302551895,km
66,136,1.2435973549107766,km
66,89,1.6841078574368933,km
66,141,1.6951389997342599,km
66,105,2.3317556218938593,km
66,98,1.8431565177329776,km
66,80,0.7744555984813405,km
66,87,0.7020594878415973,km
66,82,1.7792732875185189,km
66,241,0.7140601352985393,km
67,135,0.08509723717923551,km
67,130,0.587557460057351,km
67,96,1.495330030032429,km
67,138,1.8837357741127772,km
68,267,0.6290069227634278,km
68,246,1.7404670632690602,km
68,103,0.92740011421965,km
68,69,1.458488868263877,km
68,248,1.2795148142362707,km
68,263,0.6133177034752509,km
68,76,0.9518777605046954,km
69,248,2.177420825220326,km
69,273,0.2223651122043316,km
69,88,1.0864189398637607,km
69,121,2.082312320084183,km
70,130,3.830277927525124,km
70,273,4.597107631887687,km
70,126,1.7741133382314158,km
70,94,1.5648965477840933,km
70,124,1.6088871184033486,km
71,140,0.6247186584252978,km
71,117,2.284632179030541,km
71,127,0.2685124599870407,km
71,73,0.7848713963045824,km
72,112,0.39832464571506904,km
72,140,0.03867280457061302,km
72,111,0.018096349807474356,km
72,127,0.6064990383002314,km
73,196,4.217383076502105,km
73,75,5.857248093728266,km
73,220,3.3460800422552275,km
73,74,1.1402095346128809,km
73,114,0.9887014345747784,km
73,130,3.157470790141755,km
73,127,0.57713850001363,km
73,135,2.6980518568582688,km
74,220,2.466667949012421,km
74,225,2.55550373299483,km
74,172,2.449027720533107,km
74,114,0.6874716639800188,km
74,170,1.3720841924708498,km
74,128,0.8081351820464981,km
74,93,0.7059180934689472,km
75,196,4.873234597426631,km
75,130,5.193494502614358,km
76,103,0.07480734817287096,km
76,88,0.48132773430935116,km
76,121,1.36621773667179,km
77,95,0.9053454020156123,km
77,104,0.4918083636849552,km
77,86,0.04917080584215393,km
77,108,0.26463350101024835,km
78,85,0.9422613251666193,km
78,116,0.7106850836979045,km
78,90,0.08343003934366572,km
79,100,1.996782477076658,km
79,119,0.7035683599773856,km
79,122,0.033034201384848284,km
80,101,0.32429494097268796,km
80,262,0.9129992927707611,km
80,241,0.4158117587662416,km
81,91,1.5233775756140941,km
82,100,0.3151437119270716,km
82,98,0.18022312444256705,km
82,102,0.17849296769693268,km
82,141,0.3561210873841855,km
83,115,0.8636172037461933,km
83,131,0.5352843130734067,km
83,106,0.10152560645137515,km
83,109,0.4995494419962798,km
83,137,0.8610441258624365,km
83,142,0.49350112412061387,km
84,107,0.12709245605216707,km
84,96,1.6523218484487585,km
84,138,1.0481209282881123,km
85,110,2.044582898479299,km
85,91,1.4212247320848002,km
86,108,0.25701282379110074,km
86,133,0.6962412885941818,km
86,95,0.9257978440001661,km
87,109,0.9794367329769371,km
87,240,0.9229846260902129,km
87,262,0.8410940373006274,km
87,132,1.0239406348765248,km
87,241,0.1091988569368386,km
87,275,0.07725781363001577,km
88,121,1.2268883506083732,km
89,113,0.5704364342944483,km
89,141,0.20208925317997478,km
89,136,1.0493048296663632,km
90,116,0.6980626222824285,km
90,118,0.09595982248706364,km
90,119,1.2222200210432164,km
91,110,1.2831507369066142,km
92,134,0.3984840703480028,km
92,123,0.06968842460442848,km
92,132,0.1405750865134855,km
93,112,0.12988620120022207,km
93,128,0.2878304623603719,km
93,114,0.2050673048001008,km
94,126,0.2949227394837553,km
94,124,0.11666104760043426,km
95,104,1.097278819003828,km
95,107,0.738866755185138,km
95,124,1.870684341275993,km
95,139,1.5538375036017837,km
96,107,1.6123853091234854,km
96,138,2.1317532966764894,km
96,124,2.439103111838714,km
97,101,0.4822117249241504,km
98,105,0.846263199422523,km
98,100,0.37775912684260937,km
99,242,1.221418919157089,km
99,276,1.2238267163520793,km
99,246,1.3878806725504584,km
100,125,1.7019855867667544,km
100,133,2.0596455396089763,km
100,105,1.0950652275418562,km
100,102,0.254840238198739,km
101,242,1.0717130063612272,km
101,262,0.8756569898938038,km
102,141,0.2250217475915606,km
103,246,1.402710775174069,km
104,125,0.967168062373017,km
105,121,2.990670453643994,km
105,125,0.9506057743631975,km
105,273,3.6722334905809197,km
106,136,0.15855824674849942,km
106,109,0.5176372701561915,km
108,133,0.7121922400237308,km
108,125,0.7901271604929455,km
109,136,0.5807006486855928,km
109,132,0.40892752182072906,km
109,123,0.3291636944045449,km
109,142,0.15056496896472826,km
110,182,2.4514846401827275,km
110,339,1.2321955224213879,km
111,112,0.3823277080769842,km
111,114,0.4334826939265342,km
111,127,0.6048079769449847,km
112,140,0.43300182439261403,km
112,128,0.32529460583247494,km
112,114,0.24016372448796183,km
113,129,0.5363188846412176,km
113,136,0.6406089202060617,km
114,127,0.6834296324997172,km
115,129,0.5848720257199138,km
115,137,0.026533983666968797,km
116,140,3.0225763567195734,km
116,117,1.7569329655105077,km
116,118,0.694359279212688,km
116,182,3.7965980646976236,km
116,183,4.121039024700067,km
116,170,3.7161167460582702,km
117,140,2.646218537774099,km
117,118,1.3562368138244443,km
117,138,0.811932825521653,km
118,119,1.257229736893709,km
121,273,2.223169036277625,km
123,132,0.08943805712033567,km
123,142,0.22777992675350636,km
124,126,0.3650032875074748,km
124,139,0.5831354606344248,km
125,133,1.157246052159822,km
126,273,3.6838390872727294,km
126,139,0.644427815438336,km
127,140,0.6120415884649686,km
128,140,0.7344725667617065,km
128,170,0.7297187676379913,km
130,135,0.6051176441637348,km
131,134,0.35017249914662146,km
131,137,0.7038056181760219,km
132,240,0.6928113992990765,km
132,134,0.47342628481488386,km
140,170,1.3496510125868266,km
143,361,0.7620929004475473,km
143,353,1.5509892101813827,km
143,162,0.8581246307199142,km
143,150,0.960061327525637,km
143,152,1.1853728321742687,km
144,163,0.5732703900429955,km
144,149,0.448838703735693,km
144,161,0.07890061725518378,km
144,146,1.257311761969024,km
144,153,0.1057553437511725,km
145,155,0.7919523309335045,km
145,148,0.18436875943578712,km
145,146,1.5246648272030332,km
145,166,0.6601234088219714,km
146,148,1.5335800718208654,km
146,524,1.4121052495372652,km
146,156,0.4531902375543518,km
146,158,0.31250282681495806,km
146,163,0.8119152699933048,km
146,153,1.3257884990822013,km
146,166,1.7156702973531728,km
147,167,0.9372719579752169,km
147,165,0.9397336809850493,km
147,352,0.4750620171283864,km
147,164,1.7572349351996694,km
147,156,0.8232592370390213,km
147,157,0.6493198562304094,km
147,158,0.753522546265852,km
148,155,0.7382174649228298,km
148,287,3.1104976947132217,km
148,524,2.3787931184809263,km
148,295,3.7944696847192576,km
149,358,0.6887981832233508,km
149,347,0.6952613695563252,km
149,163,0.16807130772212694,km
149,154,0.3278055597726216,km
149,157,0.3886156381657958,km
149,161,0.4929099154070917,km
150,162,0.274782022553714,km
150,161,0.1933718626373132,km
150,152,1.3356772651910203,km
150,153,0.10107467879557451,km
150,166,1.217527088157884,km
151,160,0.11993878832440302,km
151,383,0.3745042140036888,km
151,168,0.09817585619522556,km
151,525,0.5242107945378042,km
152,166,0.47797666451952225,km
152,169,0.08820703612851742,km
153,161,0.10683389940140126,km
153,166,1.2809247280605276,km
154,163,0.273310613785836,km
154,157,0.0720257051590776,km
154,158,0.7491601481413874,km
155,287,2.5636216253554056,km
155,324,2.575965390661741,km
155,166,1.184022122844559,km
155,169,1.3475698223387262,km
156,523,1.2342857643023215,km
156,164,1.7836433891709291,km
156,516,1.2228900319295481,km
156,524,1.1418134262589865,km
156,158,0.27958175324851575,km
157,352,0.44959930035310597,km
157,358,0.6119502091785193,km
157,158,0.770408275317563,km
158,163,0.7529027366676928,km
159,160,0.6083035760083466,km
159,164,0.8149727001174478,km
159,165,0.8284086223889027,km
159,403,0.18934070362230043,km
159,428,0.2919735759338822,km
159,430,0.1840989684278177,km
160,168,0.1102115040198662,km
160,164,0.49970394384184924,km
160,383,0.36371091008120193,km
160,403,0.5660456098283975,km
161,347,0.5290138920158802,km
161,162,0.27659074871985245,km
162,347,0.481400440364989,km
162,353,1.3813712260435838,km
164,523,1.2901555099611295,km
164,168,0.4900532169654938,km
164,165,1.3054507487176121,km
165,167,0.07664790824852408,km
165,428,0.7603534357499402,km
166,169,0.40253529152873446,km
167,352,1.1258209657945573,km
167,372,1.874245656572867,km
167,427,2.4147231087156698,km
167,428,0.7954937529868196,km
168,523,1.7568110138150208,km
170,183,3.005579449678618,km
170,172,2.407208475583191,km
170,186,1.9231646538694331,km
170,171,1.935784185594709,km
170,177,2.7138651305604125,km
170,174,2.960582374086792,km
171,191,1.2744087812302354,km
171,186,0.15522664709185674,km
171,177,1.4516842416771965,km
171,173,1.249682864284454,km
172,225,0.8441202204305328,km
172,186,1.098277491474446,km
172,188,0.12221839832463526,km
173,191,0.12070124871025553,km
173,187,1.4156744479023446,km
173,177,1.4256265928529677,km
173,185,1.4092601016136876,km
173,408,1.151087507031145,km
173,192,0.3592643348950878,km
174,177,1.9143024357348646,km
174,183,0.40873173098282817,km
174,190,0.1336842152413736,km
174,178,1.3764315794568225,km
175,194,1.1510884016447023,km
175,377,1.226827981796662,km
175,176,1.038539993883896,km
175,178,0.979772940151237,km
175,185,0.8801295388086342,km
175,408,1.2949833173809515,km
175,374,1.6000329501779882,km
176,194,0.2956165650270906,km
176,366,0.4445631635019726,km
176,355,1.0842297105741698,km
176,178,0.13324438828472818,km
177,178,1.3626080504528155,km
177,187,0.02224460672740772,km
177,185,0.06331804179972199,km
178,355,1.1513797322927548,km
178,190,1.3601635403414858,km
178,185,1.3401450818604839,km
179,376,0.1476076011592634,km
179,398,0.852355249669394,km
179,184,0.408211343990195,km
179,375,0.7915361310309774,km
179,180,0.37518421918358813,km
179,192,0.4479789288770347,km
180,184,0.09164166874226778,km
180,189,0.025548006474124564,km
180,192,0.11937290692832331,km
181,193,0.06684779833724473,km
181,377,0.32440698332090695,km
181,194,0.5925216933436697,km
181,366,0.6705015882808776,km
182,183,1.011915345157768,km
182,363,1.8262376018062143,km
182,360,2.10274146634771,km
182,342,1.6720886966751516,km
182,339,2.078219709571997,km
182,340,0.06749315785386183,km
183,340,0.9543380350694421,km
183,190,0.40398758887734726,km
184,191,0.38019307932144614,km
184,398,0.7645036696033145,km
184,189,0.0968286506340408,km
185,187,0.04167249439090286,km
185,408,1.5809751508237322,km
186,191,1.3175627965109291,km
186,188,1.1134549552216941,km
188,221,1.536617703769333,km
188,191,1.7041805487398853,km
188,225,0.8620485436515816,km
189,191,0.3700837632495049,km
189,192,0.10136294275036105,km
190,340,1.2697398849820885,km
190,355,1.1300165949392629,km
191,221,1.2432953108972211,km
191,398,0.9990668424404787,km
191,192,0.3500260355775473,km
192,375,0.8937429056260926,km
192,408,0.9143334874052056,km
193,380,1.0476474914866867,km
193,377,0.3555873798258894,km
193,366,0.676963123664695,km
193,343,0.8137261699023872,km
194,377,0.8496966558752025,km
194,366,0.2413993613679606,km
195,220,0.38864172636779765,km
195,225,0.26895803949419755,km
195,236,0.09482263902978613,km
196,220,1.3634888487364998,km
196,198,2.431193208911962,km
196,236,1.5097404196513036,km
196,213,2.381893168576154,km
196,230,1.647346423789885,km
196,199,1.5374513536240926,km
197,227,0.6579847318112085,km
197,200,2.4436437431422346,km
197,230,0.9438406017780836,km
197,226,0.33625379889053314,km
197,217,1.3314644138513514,km
197,205,1.09138489659603,km
198,515,3.284867671496686,km
198,200,1.08288034093398,km
198,213,0.11544129137629405,km
199,213,1.4231910071115603,km
199,227,0.7271173376611192,km
199,230,0.2995444275252512,km
200,515,2.2898427295781416,km
200,470,1.5435468271071209,km
200,439,1.6277690335478157,km
200,434,1.7382133530067607,km
200,207,2.799118738365607,km
200,227,1.9793344969718465,km
200,213,1.162505513271806,km
200,217,3.0396744297813028,km
201,231,0.14302067363303111,km
201,209,0.3162188225651851,km
201,206,1.036515956252185,km
201,218,0.2268333093000003,km
201,234,0.2876383387253562,km
201,397,1.46370934763858,km
202,413,0.928635371108839,km
202,206,0.22207322038241473,km
202,229,0.08173471478340229,km
202,214,0.06044771463400477,km
203,228,0.23219704698961796,km
203,216,0.1160866150799921,km
203,208,0.8220110012461506,km
203,215,1.3029882240424568,km
203,404,1.4560841009000245,km
204,221,1.3407157779971717,km
204,226,0.8495317290701162,km
204,237,0.9258898668893938,km
204,215,0.8988507242042248,km
204,205,0.263244063422788,km
205,217,0.515047739780049,km
205,215,0.8645775159724702,km
205,226,0.9709348373955298,km
205,232,0.509496211448699,km
206,231,0.9396602790664297,km
206,207,1.4962214740178816,km
206,222,0.6664777659271622,km
206,413,0.9909640316693314,km
206,397,1.047017358750193,km
206,214,0.20379508179256006,km
207,434,1.7047548173030749,km
207,235,1.0463147213265331,km
207,478,0.6246696067687277,km
207,231,1.042530432838895,km
207,217,2.094341252122484,km
207,222,1.5347767198856246,km
208,228,0.847701711768792,km
208,217,0.30505507976666957,km
208,232,0.1613993210565263,km
208,215,0.85195944611989,km
209,234,0.130061990371053,km
209,441,1.8624227667554378,km
209,239,0.9266872810936642,km
209,235,0.9296873670186817,km
209,440,1.0562777483747186,km
209,231,0.4415956524120537,km
209,218,0.10235401350356349,km
210,211,0.6253962538639668,km
210,233,0.07647447609489659,km
210,388,1.100867968414658,km
210,385,1.449483650395075,km
210,397,1.479005219090192,km
210,402,1.0454020526075534,km
211,212,1.0063749924890582,km
211,441,1.9792806354789942,km
211,233,0.644936494407908,km
211,234,1.5695925706400222,km
211,397,1.789077491746471,km
212,443,2.6693601152789244,km
212,442,1.1216348001061707,km
212,444,2.625450061773815,km
212,441,1.4953537577192022,km
212,233,1.5387393917743772,km
212,417,2.3506029736389946,km
213,227,0.975154094221446,km
214,229,0.08603489216169317,km
214,222,0.5442490818921957,km
215,237,0.10486589006684453,km
215,224,0.11686262375802904,km
215,404,0.29019088083030586,km
215,232,0.8157275680476219,km
216,414,1.704525039898193,km
216,413,1.3103247946599432,km
216,384,2.0352910161187334,km
216,229,0.4284457560409996,km
216,222,0.3120346271367161,km
216,228,0.2906282302247658,km
216,404,1.5056027272931305,km
217,222,1.087138127316951,km
217,228,1.0582210467509707,km
217,232,0.21876764973688398,km
218,234,0.0857777581707986,km
219,235,0.08560807601682106,km
219,435,0.9874766894698306,km
219,436,2.153861006318532,km
219,480,0.2830093208574937,km
219,223,0.008938912624029561,km
220,236,0.41881088443350684,km
220,225,0.6117481386349419,km
221,398,0.43779247887947287,km
221,230,2.0647302916722006,km
221,225,1.9737508068539915,km
221,226,1.6601113908756682,km
221,237,1.4000334789493254,km
221,238,1.3203194743102904,km
222,229,0.5308704988268825,km
222,228,0.042563059440017474,km
223,480,0.274247957784779,km
223,239,0.08358365643485509,km
223,235,0.09317202841118993,km
224,237,0.04218753235845507,km
224,404,0.18429425331170746,km
224,238,0.21143751789959342,km
225,236,0.32892418519120475,km
225,230,1.712410568468345,km
226,230,0.9028377174918213,km
227,230,0.8648273126522421,km
229,413,0.975176792903241,km
230,236,1.5117089664759786,km
231,235,1.137654283477931,km
233,426,1.024711435613951,km
233,417,1.5239595268249666,km
233,402,1.0161287679022069,km
234,441,1.919971732351483,km
234,397,1.5405981587673625,km
235,478,0.9182866707905551,km
235,435,0.9366379732865854,km
235,239,0.1503243176136395,km
237,238,0.22908050724459958,km
238,376,1.379947182943393,km
238,398,1.1573155143293625,km
238,404,0.13449697093687116,km
239,440,0.25868119936851347,km
239,480,0.22248034072172734,km
240,284,0.8244373074263136,km
240,262,0.8355355054855487,km
240,272,0.7500083734637188,km
240,261,1.2588068907982775,km
241,262,0.8022193313659145,km
241,275,0.0353503576764478,km
242,272,0.8832277166921088,km
242,276,0.12398159713016736,km
242,284,0.7297282919397124,km
242,244,0.7158276299706475,km
242,262,0.7523554342725476,km
243,271,0.09764873542626211,km
243,261,0.12377855725177313,km
244,284,0.04208633161840195,km
244,262,0.11693424629137754,km
245,246,3.839130649052604,km
245,276,1.5392768808641761,km
245,272,1.0784369866640715,km
245,271,0.7486718308565247,km
245,261,0.8149183451906216,km
246,264,1.2439681516249492,km
246,276,2.407204624197816,km
246,267,1.8105951063588572,km
247,264,0.15188741230258224,km
247,274,0.08298509565081788,km
247,277,1.5332578099345726,km
247,267,1.162452129312948,km
248,277,1.2974787357796524,km
248,250,1.484328812389814,km
248,273,2.295634977882702,km
248,267,0.8870328363017728,km
248,263,0.8727770312345265,km
249,250,1.2881339641746177,km
249,274,1.7065162208857168,km
249,277,0.21081879349639274,km
250,277,1.3224012210806861,km
250,273,3.593586646702832,km
251,283,0.7077628906522037,km
251,258,0.7799234020199213,km
251,255,2.796953253890612,km
251,257,3.5216991244734492,km
251,270,0.6672717559180433,km
251,282,0.7377879050602056,km
251,281,0.981682154491777,km
251,280,1.7289685786402025,km
251,259,1.1101383601328825,km
252,257,2.4598638316770094,km
252,306,1.6392881849600531,km
252,320,1.623415218900659,km
252,268,1.5665093762197564,km
253,266,1.4327742760460005,km
253,279,1.3957407644865287,km
253,258,3.6666469827769665,km
253,333,2.499932038440163,km
253,256,2.0859236582486735,km
253,265,3.39027547070564,km
254,255,1.6689888400412884,km
254,257,3.1708073560516468,km
254,268,0.2631702562094397,km
254,320,1.000449534233066,km
254,307,0.9816981905526547,km
254,327,1.0994691122284863,km
255,257,3.8079814640864265,km
255,269,1.3365106392523363,km
255,278,0.26306085430840265,km
255,335,1.1358355398931061,km
255,327,1.5981447729659215,km
255,280,1.39805481504072,km
256,333,2.647357353909985,km
256,308,2.713597135859483,km
256,334,2.9362819000948526,km
256,335,2.464770378682646,km
256,265,1.957447716368814,km
256,269,1.4351151805349422,km
256,285,1.3945159660541009,km
256,278,1.9744535272531596,km
256,259,1.8580949868370586,km
257,268,3.0158584927496834,km
258,283,0.07795627206377664,km
258,260,5.25154733992238,km
258,266,5.063243557648746,km
258,265,0.8374152935284981,km
258,270,0.4376926430534746,km
258,281,0.804023779049693,km
258,282,0.5505905626651163,km
259,280,0.7935204071990117,km
259,285,0.8137603877172486,km
259,265,0.13217876002700232,km
259,281,0.16674349998650262,km
260,308,2.8717492207188955,km
260,279,0.23272315613810593,km
260,266,0.19451628529107853,km
260,333,2.7632002116917107,km
261,271,0.11603468756784409,km
261,272,1.2743672248886706,km
262,284,0.15438925506223108,km
262,275,0.8006551759424264,km
263,267,0.028232009556580333,km
264,274,0.13952047131950637,km
264,267,1.2483266750498607,km
265,281,0.036041644068520895,km
266,279,0.03955491874814506,km
267,277,1.5583868772891247,km
268,320,0.9018502406256595,km
269,285,0.10073730263119499,km
269,278,1.1674676406752917,km
269,280,0.10827836972441585,km
270,283,0.3789121365969879,km
270,282,0.12399237542096699,km
272,276,0.9518472551086085,km
272,284,0.2840450072068645,km
274,277,1.5555986731543474,km
278,335,1.1199664127291238,km
279,333,2.6444065513491473,km
280,285,0.11317490335288785,km
281,282,0.28846879473116604,km
286,331,0.8945694647545827,km
286,317,1.307438453461893,km
286,324,1.7131185799520932,km
286,288,0.8845108073644017,km
287,324,0.08910048327280125,km
287,295,1.1023765005220045,km
287,314,0.3131924105012791,km
288,331,0.012021783950431842,km
288,317,0.6909150890408854,km
288,290,0.6194680182292326,km
289,293,1.1213900063088875,km
289,299,0.9482394503050413,km
289,331,3.304201767732045,km
289,301,1.56367565764434,km
290,323,1.6862122894911338,km
290,295,1.070687831776275,km
290,331,0.614312131086786,km
290,291,0.5279595125227263,km
290,316,0.5217669729941795,km
290,317,0.42908221771498173,km
291,295,0.863188160835226,km
291,316,0.011016493643612513,km
291,337,0.051078281548705,km
292,301,1.1120163246647017,km
292,297,0.4405354005953339,km
292,300,0.5721600236380848,km
293,299,0.8232893732969491,km
293,331,2.720022875073125,km
293,323,1.3871290601329738,km
293,312,0.7505701966858204,km
293,294,0.18161663177381243,km
293,322,0.08133239041155295,km
293,310,0.056617458054437644,km
294,312,0.6497429993677171,km
294,321,0.7724163329681838,km
294,319,0.3508079342375687,km
294,322,0.12620878195607235,km
294,310,0.13688902716894832,km
295,323,1.397382475077479,km
295,524,4.467873514515627,km
295,523,4.688146910520848,km
295,516,4.661883434305915,km
295,314,0.8311716249761236,km
295,337,0.8402081807959272,km
296,332,0.8102103175559542,km
296,325,0.09442316285185538,km
296,303,2.098303800587412,km
296,300,0.8806512706618148,km
296,318,1.58686797224917,km
297,301,0.8512964167998629,km
297,311,0.726338483240717,km
297,300,0.8025170340627827,km
298,332,1.535515440494797,km
298,325,0.8475153813343904,km
298,307,3.9153307196330034,km
298,326,0.2109505793117616,km
298,330,2.5670052099991394,km
298,309,3.2458159275575795,km
299,301,1.1835502656333414,km
299,321,0.2152077484481933,km
299,312,0.13320228465801975,km
300,325,0.8444203133799895,km
300,311,0.9082042222220273,km
300,318,0.9238882878246903,km
300,304,0.9102256681892457,km
301,321,1.1910981432088312,km
301,303,1.99682994369451,km
301,311,1.4219050597507001,km
302,330,0.2278227695056208,km
302,332,1.1495037672399329,km
302,313,0.7025301758773442,km
302,315,0.6667906796191174,km
302,328,1.1691048853367703,km
302,329,0.7516910897954268,km
303,308,5.241177687856925,km
303,321,2.676989381140008,km
303,323,4.462274852804442,km
303,332,2.5790298902626,km
303,338,2.909569067557952,km
303,311,0.7506793031601003,km
303,319,3.5036816590120887,km
303,305,3.19197397030915,km
303,318,0.6779633812653688,km
303,304,0.7320393827310276,km
304,311,0.02990167228118207,km
304,318,0.09365200541954545,km
305,328,0.10307307217038446,km
305,336,0.44162639592305647,km
305,338,0.6948821707156373,km
305,308,2.3914961244687785,km
306,320,0.02070025457285433,km
306,326,4.340748299108627,km
306,307,1.1718955956779984,km
307,326,3.9914226255452987,km
307,320,1.1744753616693349,km
307,327,0.19556854953761163,km
307,309,1.6879921955870933,km
308,333,0.11995827323396832,km
308,334,3.319354338163904,km
308,328,2.2940290611233967,km
309,330,1.0114000018336358,km
309,334,0.049878347628127186,km
309,327,1.51303311340155,km
310,322,0.025362441111216896,km
312,321,0.16112576708843512,km
313,336,0.19757157185779697,km
313,315,0.12724401657967205,km
313,338,0.14177154906401063,km
313,329,0.12214182707651251,km
314,324,0.34916369835432914,km
314,316,0.12832174432001223,km
314,337,0.07011866239837716,km
315,328,0.6222954527274425,km
315,336,0.13524156846258528,km
316,317,0.42266001802794617,km
316,324,0.38432848423872545,km
316,337,0.060455381932209014,km
317,324,0.51195398611946,km
319,321,0.9928369137366077,km
319,323,1.0969426452028024,km
319,322,0.3773013010535425,km
322,323,1.3365243057668617,km
323,331,2.043442502898002,km
323,523,5.934936996803579,km
325,332,0.8787773592155401,km
327,334,1.4890479981361429,km
327,335,1.1152175194095633,km
328,336,0.5113389105156043,km
328,334,2.2023320652942218,km
328,330,1.3146649841060143,km
329,338,0.05872282265394187,km
329,332,0.7315656136973767,km
330,334,1.0569539162858377,km
330,332,1.3561687943016965,km
332,338,0.7435537856713694,km
334,335,0.9293134412830257,km
336,338,0.28793640837409595,km
339,341,0.9278348075314494,km
339,360,1.0427461680061556,km
339,361,1.3108986526307975,km
339,362,0.9613494728860993,km
340,342,1.6785128177611806,km
340,355,1.7937003165645817,km
341,360,0.1424063092647266,km
341,362,0.12499460724678038,km
342,427,2.371403492021801,km
342,345,1.8064622923072047,km
342,359,0.48509547693183663,km
342,363,0.31548246918807077,km
342,355,2.1678537668912643,km
343,366,0.9491250536650271,km
343,380,0.31667638988624774,km
343,370,0.14691341216306697,km
343,349,1.1993472011941417,km
343,371,1.1992269689160808,km
344,347,1.0973616323240474,km
344,353,0.07612466402846278,km
344,369,0.7721949722235292,km
344,364,0.05986666239911696,km
344,348,0.9203073229017562,km
344,359,1.3870898762103787,km
345,427,2.301746953810188,km
345,382,0.13659692783159133,km
345,367,0.03920524174026184,km
345,424,2.2362131880992533,km
345,355,1.5578452139781116,km
345,349,1.529688629711294,km
346,358,0.19390223807941123,km
346,347,0.46393417082211313,km
346,369,0.6651232955162536,km
346,368,0.09993092081183087,km
346,350,0.1587733441147852,km
347,358,0.5527047531488307,km
347,353,1.1132525921805576,km
347,369,0.9738492926490929,km
348,427,1.6189371632076393,km
348,359,1.5435314581474584,km
348,369,0.3829807235353573,km
348,372,0.27303210916978254,km
348,354,0.29755703246985715,km
348,357,0.2918062603179084,km
349,367,1.5216730733957136,km
349,355,0.0425006883209995,km
349,370,1.247193687372019,km
349,371,0.0009594994629289402,km
350,358,0.05373227570816753,km
350,368,0.18220970361789363,km
350,352,0.621700641319888,km
350,372,0.839483017610962,km
351,363,0.22338734258363738,km
351,356,0.16387138628412348,km
351,365,0.02577266978329053,km
351,359,0.18547423030574203,km
351,360,0.6600468297056319,km
352,372,1.247057520125854,km
352,358,0.5940149601868111,km
353,364,0.03751671591383062,km
353,362,0.860142891867647,km
353,361,1.3282601824587283,km
354,369,0.16064064951725315,km
354,368,0.6479343520674383,km
354,357,0.014195159001707036,km
355,366,0.8450050070218155,km
355,371,0.04242857406219661,km
356,363,0.18130013609158252,km
356,359,0.032370068504495926,km
357,372,0.04569703361573898,km
357,368,0.6561192319096251,km
359,427,2.1756934772841996,km
359,365,0.2014496530971002,km
359,364,1.363484612714508,km
359,363,0.21037029621306663,km
360,364,0.978560394455121,km
360,362,0.22800817043314933,km
360,365,0.6366852215491196,km
360,363,0.8594959961695798,km
361,362,1.357418811614549,km
362,364,0.8536116045514447,km
364,365,1.2848681179993802,km
366,371,0.8248016196295774,km
367,382,0.10755421565141617,km
367,394,0.6582860586801281,km
367,370,1.2665226058503443,km
368,369,0.5862719217076249,km
368,372,0.6872564314478636,km
370,380,0.21607640395717492,km
370,394,0.9320525221343062,km
372,427,1.7732698597233967,km
373,407,0.09164744616858135,km
373,383,0.05021642799328005,km
373,396,0.20259884469203093,km
373,403,0.3126365044464931,km
374,376,1.0641821956883122,km
374,378,0.8903669050841606,km
374,377,2.1501516746844875,km
374,408,0.49779870397326526,km
374,375,0.451873294951232,km
375,376,0.8316645194391875,km
375,408,0.09819545681462268,km
376,398,0.8449387347644235,km
376,404,1.4668585270813703,km
376,378,1.7005580064270722,km
377,380,1.3021728324564827,km
377,411,2.2826620919838194,km
377,379,2.5611357936345844,km
377,378,2.489624783847225,km
378,379,0.4123828921816117,km
378,412,1.4029616564953962,km
378,404,2.2734827110549944,km
379,412,1.3674298716692144,km
379,421,1.993925189506977,km
379,411,1.4430662055622878,km
379,418,2.0094646225492525,km
379,401,1.5196687717070514,km
379,433,1.4253090849672623,km
379,410,1.5056852031159988,km
380,411,2.917147287564366,km
380,390,3.8656095644261366,km
380,394,0.8713868392689806,km
380,395,2.9924352664641902,km
381,424,0.2023861139145532,km
381,427,0.832960007135487,km
381,429,1.0819436894971544,km
381,423,2.862187426918441,km
381,396,3.154795455513321,km
381,428,2.851044710597584,km
382,394,0.567763923140757,km
382,424,2.211201679445806,km
382,416,0.5337269903627323,km
383,525,0.29740478852741137,km
383,407,0.12617017355206392,km
383,403,0.32771858880154636,km
384,414,1.1915325688479617,km
384,415,1.0213668913605902,km
384,412,0.15118974066457838,km
384,421,1.1321783434863668,km
384,404,1.9568028324589903,km
385,432,1.3255589369806084,km
385,388,1.088665878752839,km
385,415,0.5318994735075495,km
385,397,0.781856939681976,km
385,414,0.43825227415834217,km
385,399,0.4111774152496799,km
386,419,1.0527100881699558,km
386,389,1.0445294633283655,km
386,417,1.0312294076704533,km
386,426,0.7357626523501345,km
386,420,0.8811156005656104,km
386,425,0.13533527568320453,km
386,400,0.13543243202699767,km
387,431,0.19722582139809475,km
387,405,0.1895626946168692,km
387,409,0.193024403251698,km
387,432,0.883298253264081,km
387,420,1.3394639189013002,km
388,432,0.9214015534450198,km
388,402,0.09660746452138487,km
388,426,0.09925781569228445,km
388,400,0.6733458152166564,km
389,393,0.9608421619282322,km
389,472,1.2508784511510294,km
389,419,0.36375689968242164,km
389,417,1.0963960520137028,km
390,411,1.289535819942644,km
390,422,0.6850937461055667,km
390,406,0.4398798978379871,km
390,392,3.015477187589494,km
390,401,1.0014242946218337,km
390,395,5.152515743008235,km
391,418,1.097752199724753,km
391,409,1.08928975060575,km
391,422,0.19600818959945845,km
391,392,2.2368275807124705,km
391,406,0.7849335458684465,km
391,420,2.0185767820053058,km
392,505,5.248901763970085,km
392,472,1.3424405835420261,km
392,419,0.6770544509641543,km
392,422,2.412739973277438,km
392,420,0.8555115584648244,km
393,472,1.7644292696679253,km
393,446,2.08348932708675,km
393,444,1.7676060036422816,km
393,417,0.337669901236943,km
394,395,2.2604274287473176,km
394,416,0.052789513270960146,km
395,424,1.332914892176653,km
395,429,0.29595770249794895,km
395,416,2.225271671603288,km
396,423,0.5283492585305369,km
396,429,3.848680950462497,km
396,525,0.27545417913084075,km
396,407,0.16730053768120653,km
396,403,0.33941505797951527,km
396,430,0.4200665792145362,km
397,413,0.2147526703747318,km
397,414,0.704943671933633,km
399,414,0.2809768884715393,km
399,415,0.16415059234491472,km
400,426,0.6795487273481036,km
400,425,0.07219715387714881,km
400,432,0.6610509246703663,km
401,406,0.7252979679787738,km
401,411,0.325653104063303,km
401,418,1.9006840596447168,km
401,410,0.02517870092091327,km
402,426,0.012254869047051286,km
403,430,0.13521881325081295,km
404,412,1.9291435913530353,km
405,418,0.1596216946191456,km
405,409,0.19002485359370325,km
405,431,0.29855911609513136,km
406,422,0.6121283810446537,km
406,418,1.507122059161276,km
407,525,0.18891202692142653,km
409,418,0.29757517637244746,km
409,420,1.3659663751700364,km
410,433,0.16635940014966724,km
410,411,0.30133898320230995,km
411,433,0.14563895285589776,km
412,421,1.2035564423249223,km
413,414,0.604685369656418,km
414,415,0.4344641092110541,km
415,432,1.2979714754715395,km
415,421,0.8468187655024144,km
416,424,2.3632492483797756,km
417,426,1.1681613508025828,km
417,444,1.9737802488511762,km
418,421,0.8303398057946098,km
418,431,0.43564641270557874,km
419,472,1.3549644207762124,km
419,420,0.5961274321170513,km
420,432,1.066789761228967,km
420,425,0.8430372746652848,km
421,431,0.6143693422880602,km
421,432,0.9919979858910319,km
423,428,0.05696400865451849,km
423,430,0.1546079016724208,km
424,427,0.7166683233332986,km
424,429,1.1687205572394204,km
425,432,0.6528776933986504,km
427,428,2.655777937134912,km
428,430,0.19188837472744402,km
429,525,4.032629096526618,km
431,432,0.7805686297912676,km
434,439,0.8090067021211046,km
434,436,1.5105626043640188,km
434,435,1.1418331040245184,km
434,478,1.1910793542971467,km
434,461,0.9368273858601376,km
435,436,1.9308298487803772,km
435,478,0.05940047150875266,km
436,463,1.7385976234712337,km
436,454,4.345436111579444,km
436,441,2.8101231791869377,km
436,455,4.174171209388688,km
436,487,4.146591597955694,km
436,480,2.159022067177877,km
436,464,4.329978935254152,km
436,440,2.1802904539623644,km
436,461,1.3758360296718506,km
436,438,1.7059403317694986,km
437,462,0.09239815996330507,km
437,515,1.6606476377726838,km
437,454,3.863176610406993,km
437,463,2.164555041159249,km
437,488,1.6713747418996738,km
438,503,0.5803121525328307,km
438,470,0.6366668484780535,km
438,515,0.7687119487558557,km
438,479,0.651380678134845,km
438,461,0.7491158320500155,km
438,463,0.07933220106986993,km
438,481,0.049668214522132,km
439,470,0.517295374953134,km
439,479,0.2598187961453553,km
439,461,0.20875555253246666,km
440,480,0.04453357398971018,km
440,441,1.263636938417868,km
441,490,4.161897509018809,km
441,442,1.196766421796283,km
441,455,4.914522469887135,km
442,443,2.725149098219153,km
442,445,2.2840231342562287,km
442,490,3.382404033542763,km
442,495,2.5337083851218827,km
443,445,1.7335391163013476,km
443,514,2.521802338982763,km
443,484,0.3059565990369557,km
443,444,0.9883259200525727,km
444,446,0.5837013965934453,km
444,484,0.8707059518175642,km
444,471,0.47653869212692085,km
445,514,2.7246016461795715,km
445,458,2.677076529798423,km
445,494,2.304921896381123,km
445,495,0.5871470206615458,km
446,472,2.329079166995626,km
446,514,2.9100208934873577,km
446,484,0.9414269385610136,km
446,471,0.18643058845480254,km
446,477,2.748880726902664,km
446,447,2.693751007936458,km
446,469,2.7340083764512366,km
447,514,2.793987411668332,km
447,469,0.1923041206566232,km
447,492,0.26438871509283607,km
447,501,0.8719218411272839,km
447,476,0.24460274085250994,km
447,448,2.287793192380632,km
447,482,2.281687103073086,km
447,507,2.282980210439608,km
448,501,2.345790212301607,km
448,491,2.473231282666898,km
448,497,2.477912581920008,km
448,449,1.0672717293723433,km
448,507,0.032289599109150524,km
449,513,5.031750958134898,km
449,489,1.772985340832148,km
449,452,2.7000709813635426,km
449,497,2.6481022493855306,km
449,457,1.6638926369573614,km
449,496,1.0304534151156959,km
449,482,1.0708609230910002,km
449,507,1.0699374810310958,km
450,504,0.3087972377191584,km
450,505,0.4561557894075126,km
450,502,2.4212006331345433,km
450,498,2.7463899394076288,km
450,451,3.1215793122522895,km
451,508,3.094907230195905,km
451,460,5.258106214563382,km
451,504,3.033244609331238,km
451,475,0.5287722760782951,km
451,498,2.3127541459894307,km
452,453,3.266730079200805,km
452,491,0.07194397424151058,km
452,513,2.4715107347495664,km
452,512,3.4783027291916015,km
452,497,0.05512767150518728,km
452,493,3.3012454527470383,km
453,491,3.218629127521719,km
453,493,0.05032858755476499,km
453,509,1.7601100498039974,km
453,502,1.7531895718150605,km
453,501,1.7482228543486853,km
454,462,3.8202536534350258,km
454,486,1.1844570318631191,km
454,499,0.133710940875034,km
454,463,4.454003090734198,km
454,464,0.1362485515007164,km
455,466,4.036441839227808,km
455,465,0.1500696374289605,km
455,490,3.8788301010004287,km
455,487,0.17120786249743766,km
455,456,3.8895045934510013,km
456,466,0.1824645825086562,km
456,490,0.02931839808497739,km
457,489,0.154502687888307,km
457,496,1.6685847909395397,km
457,468,0.40610197598691805,km
457,506,0.42640821217600827,km
458,514,0.4267482164242208,km
458,494,2.048985088997365,km
458,474,1.3355605440559226,km
458,467,0.7363634786989004,km
458,496,0.7368089837633777,km
458,468,1.2317559379367367,km
458,485,1.2971738197298361,km
459,460,2.902563342072209,km
459,520,4.008476464085467,km
459,521,3.9917439857871426,km
459,513,4.193917054877327,km
459,519,4.34645507315405,km
459,522,4.399979896944126,km
460,518,3.9273905721425586,km
460,512,1.318146873279402,km
460,511,4.931943827075864,km
460,475,4.967246582845459,km
460,520,3.942286167213219,km
460,513,2.451884051237185,km
461,479,0.21366021493436316,km
462,486,3.7518400622008414,km
463,488,0.5769016771190977,km
463,481,0.03003728817668897,km
464,487,1.7498981103987274,km
464,500,0.9276630515705178,km
464,499,0.08125829086575768,km
465,500,0.9268053262732693,km
465,466,4.156694049134657,km
465,487,0.12711225266176604,km
465,483,5.420507553617199,km
466,490,0.20807505347918026,km
466,495,1.7023204006995325,km
466,517,1.2217044342204872,km
466,483,1.3226260172032833,km
467,514,0.7016092727890341,km
467,496,0.05170342507119666,km
467,482,0.9534479039380733,km
468,496,1.4994952157048116,km
468,506,0.1076900587486456,km
468,485,0.17579351243257024,km
469,477,0.03896217769747973,km
469,476,0.11840812831045824,km
470,515,1.0605277417550052,km
470,479,0.31860213793117176,km
470,503,0.19187127301138535,km
471,484,0.7659547474967936,km
472,505,4.766080401242024,km
472,502,3.6112817566385713,km
472,509,3.53477430564167,km
472,477,3.4058499391326515,km
473,495,1.7503872062594958,km
473,494,0.6753097095224772,km
473,517,0.19995293352239185,km
473,483,0.12852647499128422,km
474,494,1.1690291247176416,km
474,489,0.6336215293493933,km
474,506,0.16748427138680963,km
474,485,0.08687898030853894,km
475,498,1.92020548875384,km
475,511,0.06293981447584943,km
475,510,0.14913628245199462,km
476,492,0.03615256523376906,km
476,477,0.11183544492125692,km
477,509,1.8601155829457168,km
477,492,0.1476219552197453,km
479,503,0.139990725655771,km
481,488,0.5950845992293023,km
481,515,0.7370422004133488,km
482,514,1.4914019765067856,km
482,496,0.9716270604494437,km
482,507,0.009716660352674688,km
483,517,0.1034569592599015,km
483,489,2.404575541027075,km
483,494,0.7933747655657275,km
484,514,2.417129545331423,km
485,506,0.08519708637585147,km
486,500,2.138399163716747,km
486,499,1.239930231745007,km
487,500,0.8881311840727917,km
488,515,0.19605335862848736,km
489,494,1.6800601170208347,km
489,506,0.5161545732739259,km
490,495,1.704067189992258,km
491,497,0.04380082768046186,km
491,501,2.946571795536569,km
492,509,1.8387110373935356,km
492,501,0.708207764756828,km
493,512,4.5229759052799,km
493,502,1.7548564921950345,km
493,498,0.7398929027614392,km
493,510,2.3481536321283967,km
494,495,1.9414110477006452,km
495,517,1.7349359775778121,km
498,502,1.6931373448404374,km
498,510,1.8160884495639422,km
499,500,0.9535221627525641,km
501,509,1.889194839970345,km
502,505,2.716038757163165,km
502,509,0.14463731451773135,km
504,505,0.5027223863065527,km
504,508,0.2747863477571815,km
505,508,0.5833709108339717,km
510,512,4.170725635223586,km
510,511,0.08690720159078377,km
511,512,4.221813842500635,km
512,513,1.3661225886004982,km
516,524,0.23936893062297568,km
516,523,0.03061007960268541,km
518,522,0.8888463695990874,km
518,520,0.09873671898552659,km
518,519,0.8520500447739147,km
519,520,0.7899402020245793,km
519,521,0.3862161205770166,km
519,522,0.055487879463164226,km
520,521,0.5381912336636612,km
